上級機關,機關名稱,社群平臺類型,社群名稱,社群連結網址
內政部,中央警察大學,Facebook,誠園生活,https://www.facebook.com/moicpu
內政部,戶政司 ,YouTube,risgov,https://www.youtube.com/user/risgov/
內政部,刑事警察局,YouTube,內政部警政署刑事警察局 CIB,https://www.youtube.com/channel/UCS9Krr7eb0pEa1wS8EVIFwA/
內政部,刑事警察局,Facebook,CIB局長室,https://www.facebook.com/cibcom001/
內政部,地政司,Facebook,內政部地政司,https://www.facebook.com/內政部地政司-148236741926852/
內政部,地政司,YouTube,wwwlandmoigovtw,https://www.youtube.com/channel/UC7x4Lx9tNsDlKi8ecWJ5kDA
內政部,役政署,YouTube,役政署,https://www.youtube.com/channel/UCi-2U8x9aUKkat1XiQvIjOg/
內政部,役政署,Facebook,服役大小事,https://www.facebook.com/服役大小事-371320969727489/
內政部,役政署,Flickr,內政部役政署,http://www.flickr.com/photos/ncaweb/
內政部,空中勤務總隊 ,YouTube,內政部空中勤務總隊,https://www.youtube.com/channel/UCPputYBu6-QGmSZlgFcqFow/
內政部,空中勤務總隊 ,Facebook,空中勤務 奇兵天降,https://www.facebook.com/空中勤務-奇兵天降-496677267083668/
內政部,消防署,Facebook,消防署,https://www.facebook.com/NFA999/?fref=ts
內政部,國土測繪中心,YouTube,內政部國土測繪中心,https://www.youtube.com/channel/UCtLEnZ8hvrbwI-NxlGNVnoA/
內政部,國土測繪中心,Flickr,內政部國土測繪中心,https://www.flickr.com/photos/79790283@N06/
內政部,移民署 ,YouTube,移民署,https://www.youtube.com/user/taiwanimmigration/
內政部,移民署 ,Facebook,我愛自動通關,https://www.facebook.com/egate.tw
內政部,移民署 ,Facebook,新移民的娘家,https://www.facebook.com/hometaiwan
內政部,移民署 ,Facebook,移民署粉絲團 - NIA ,https://www.facebook.com/NIAinTW/
內政部,營建署,YouTube,內政部營建署,http://www.youtube.com/user/cpami2011/
內政部,營建署,Facebook,內政部營建署-好康報,https://www.facebook.com/內政部營建署-好康報-537968083018754/
內政部,警政署,YouTube,內政部警政署 ,http://www.youtube.com/user/wwwnpagovtw/
內政部,警政署,Facebook,警光新聞雲,https://www.facebook.com/policetorch/
內政部,警政署,Flickr,內政部 警政署,https://www.flickr.com/photos/wwwnpagovtw/
內政部,警政署,Facebook,NPA署長室@NPA4U,https://www.facebook.com/NPA4U/
文化部 ,國立中正紀念堂管理處 ,YouTube,中正紀念堂,https://www.youtube.com/user/cksmh/
文化部 ,國立中正紀念堂管理處 ,Facebook,中正紀念堂 Chiang Kai-shek Memorial Hall,https://www.facebook.com/cksmhfb/
文化部 ,國立國父紀念館 ,YouTube,國立國父紀念館,https://www.youtube.com/user/mysunyatsen/
文化部 ,國立國父紀念館 ,Facebook,國立國父紀念館National Dr.Sun Yat-sen Memorial Hall,https://www.facebook.com/sunyatsenMH/
文化部 ,國立傳統藝術中心 ,YouTube,NCFTA 傳藝中心,https://www.youtube.com/channel/UCvjSaCDcPJypR9HjhIA91Fw/
文化部 ,國立傳統藝術中心 ,Facebook,國立傳統藝術中心,https://www.facebook.com/pages/國立傳統藝術中心/137723899974/
文化部 ,國立傳統藝術中心 ,Facebook,傳藝．傳書,https://www.facebook.com/pages/傳藝傳書/875518639149079/
文化部 ,國立臺灣工藝研究發展中心 ,Facebook,台灣工藝文化園區,https://www.facebook.com/ntcri/
文化部 ,國立臺灣工藝研究發展中心 ,YouTube,國立臺灣工藝研究發展中心,https://www.youtube.com/channel/UCZPiM8fdw_Ijb2W4ffQV_0g/
文化部 ,國立臺灣文學館,Facebook,國立臺灣文學館,https://www.facebook.com/pages/國立臺灣文學館/138753722860020/
文化部 ,國立臺灣史前文化博物館 ,YouTube,國立臺灣史前文化博物館,https://www.youtube.com/user/NMPrehistory/
文化部 ,國立臺灣史前文化博物館 ,Facebook,國立臺灣史前文化博物館,https://www.facebook.com/NMPrehistory/
文化部 ,國立臺灣史前文化博物館 ,Flickr,史前館,https://www.flickr.com/photos/141748270@N02/albums
文化部 ,國立臺灣交響樂團,YouTube,國立臺灣交響樂團,https://www.youtube.com/user/ntsovideo/
文化部 ,國立臺灣交響樂團,Facebook,國立臺灣交響樂團,https://www.facebook.com/NTSOpage/
文化部 ,國立臺灣美術館 ,YouTube,國立台灣美術館 (National Taiwan Museum of Fine Arts),https://www.youtube.com/user/ntmofanews/
文化部 ,國立臺灣美術館 ,Facebook,國立台灣美術館,https://www.facebook.com/ntmofa/
文化部 ,國立臺灣博物館 ,Blog,臺灣博物館；你的博物館,http://ntmedu.blogspot.tw/
文化部 ,國立臺灣博物館 ,YouTube,國立臺灣博物館,https://www.youtube.com/user/NTMuseum/
文化部 ,國立臺灣博物館 ,Facebook,國立臺灣博物館,https://www.facebook.com/NTMuseum/
文化部 ,國立臺灣博物館 ,其他,National Taiwan Museum 國立臺灣博物館(Instagram),https://www.instagram.com/national_taiwan_museum/
文化部 ,國立臺灣歷史博物館,Facebook,國立臺灣歷史博物館,https://www.facebook.com/NMTH100/
文化部 ,國立臺灣歷史博物館,YouTube,國立臺灣歷史博物館,https://www.youtube.com/user/THMuseum/
文化部 ,國立歷史博物館 ,YouTube,國立歷史博物館,https://www.youtube.com/user/TaipeiNMH/
文化部 ,國立歷史博物館 ,Facebook,國立歷史博物館 National Museum of History,https://www.facebook.com/TaipeiNMH/
外交部,領事事務局,YouTube,BocaStreaming,http://www.youtube.com/user/BocaStreaming/
外交部,領事事務局,Flickr,外交部 領事事務局,https://www.flickr.com/photos/bocaflickr/
外交部,領事事務局,其他,外交部領事事務局LINE,http://accountpage.line.me/boca.tw
交通部,中央氣象局 ,YouTube,氣象局 CWB,https://www.youtube.com/user/cwbwebtv/
交通部,中央氣象局 ,Facebook,報天氣facebook粉絲團,https://www.facebook.com/pages/報天氣/129328600420380/
交通部,中央氣象局 ,Facebook,報地震facebook粉絲團,https://www.facebook.com/pages/報地震/134632749883505/
交通部,中央氣象局 ,Facebook,報天文facebook粉絲團,https://www.facebook.com/pages/報天文/128378670523141/
交通部,中央氣象局 ,Facebook,SOS 地球科學展示系統粉絲團,https://www.facebook.com/cwbsos/
交通部,公路總局 ,YouTube,公路人影音,https://www.youtube.com/user/givemechacha/
交通部,公路總局 ,Facebook,公路人粉絲團,https://www.facebook.com/thbroad/
交通部,公路總局 ,Facebook,公路總局漂書運動,https://www.facebook.com/thbfunreading/
交通部,公路總局 ,Facebook,安全臺灣粉絲團,https://www.facebook.com/SafeTaiwan.tw/
交通部,台灣區國道高速公路局 ,YouTube,國道高速公路局YouTube,https://www.youtube.com/user/freewaygov/
交通部,台灣區國道高速公路局 ,Facebook,高速小飛力,https://www.facebook.com/hi.freeway
交通部,民用航空局 ,YouTube,民用航空局宣導短片,https://www.youtube.com/channel/UCFCbEgZD-HVFis113tMsb2A/
交通部,桃園國際機場股份有限公司 ,Facebook,桃園國際機場 Taoyuan International Airport,https://www.facebook.com/TIAfans/
交通部,桃園國際機場股份有限公司 ,YouTube,Taoyuan Airport,https://www.youtube.com/user/taoyuanairport/
交通部,桃園國際機場股份有限公司 ,Twitter,Taoyuan Airport,https://twitter.com/taoyuanairport
交通部,桃園國際機場股份有限公司 ,其他,taoyuan_international_airport,https://www.instagram.com/taoyuan_international_airport/
交通部,航港局 ,YouTube,交通部航港局,https://www.youtube.com/channel/UCiHgyvLOLiqpI-sw0edLscw/
交通部,航港局 ,Facebook,航港風情話,https://www.facebook.com/motcmpb.gov.tw/
交通部,高速鐵路工程局,YouTube,高速鐵路工程局,https://www.youtube.com/channel/UCPQJbOIZp44n0osSonJv-GQ
交通部,高速鐵路工程局,Facebook,高鐵點線面,https://www.facebook.com/bohsr
交通部,高速鐵路工程局,Facebook,機場捷運萬花筒,https://www.facebook.com/ttymrt
交通部,臺灣港務股份有限公司 ,YouTube,臺灣港務,https://www.youtube.com/channel/UCaY7JE1zzbFOpapGuKZDxqA/
交通部,臺灣港務股份有限公司 ,Facebook,臺灣港務股份有限公司,https://www.facebook.com/twport/
交通部,臺灣港務股份有限公司 ,Facebook,基隆港務,https://www.facebook.com/KeelungPort/
交通部,臺灣港務股份有限公司 ,Facebook,高雄港務,https://www.facebook.com/PortofKaohsiung/
交通部,臺灣港務股份有限公司 ,Facebook,基隆港旅客服務,https://www.facebook.com/KeelungPortServices/
交通部,臺灣港務股份有限公司 ,Facebook,高港小舖,https://www.facebook.com/KaoHarborStore/
交通部,臺灣港務股份有限公司 ,Facebook,臺中港,https://www.facebook.com/PortofTaichung/
交通部,臺灣鐵路管理局 ,YouTube,臺鐵影音專區,https://www.youtube.com/user/thetravideo/
交通部,臺灣鐵路管理局 ,Facebook,fun臺鐵,https://www.facebook.com/pages/fun臺鐵/235657946472703/
交通部,鐵路改建工程局 ,YouTube,鐵工局,https://www.youtube.com/channel/UC2OTgbYcUVCdiO7bcq_rsuw/
交通部,鐵路改建工程局 ,Facebook,鐵工局,https://www.facebook.com/railway.bureau/
交通部,觀光局 ,YouTube,觀光局影音頻道,https://www.youtube.com/user/TheTbroc/
交通部,觀光局 ,Facebook,台灣觀光粉絲團,https://www.facebook.com/time.for.taiwan/
交通部,觀光局 ,Facebook,旅行臺灣 就是現在,https://www.facebook.com/timefortaiwan101/
交通部,觀光局 ,其他,旅行臺灣就是現在-微博,http://weibo.com/timefortaiwan101/
交通部,觀光局 ,Facebook,Tour Taiwan,https://www.facebook.com/TourTaiwan?ref=br_rs
行政院農業委員會 ,水土保持局 ,YouTube,水土保持局影音,https://www.youtube.com/user/swcbvideo/
行政院農業委員會 ,水土保持局 ,YouTube,土石流防災資訊網影音,https://www.youtube.com/user/246swcb/
行政院農業委員會 ,水土保持局 ,YouTube,水土保持局戶外教室影音,https://www.youtube.com/user/swcclassroom/
行政院農業委員會 ,水土保持局 ,Facebook,土石流防災資訊網,https://www.facebook.com/246.swcb/
行政院農業委員會 ,水土保持局 ,Facebook,青村白皮書-大專生洄游農村計畫,https://www.facebook.com/rural.young/
行政院農業委員會 ,水土保持局 ,Facebook,農村好讚,https://www.facebook.com/pages/農村好讚/322281854520167/
行政院農業委員會 ,水土保持局 ,Flickr,水土保持局 行政院農業委員會,https://www.flickr.com/photos/swcb/
行政院農業委員會 ,水土保持局 ,Plurk,土石流防災資訊網,http://www.plurk.com/swcbfema/
行政院農業委員會 ,水土保持局 ,YouTube,農村好讚影音,https://www.youtube.com/user/swcbapp/
行政院農業委員會 ,水產試驗所 ,YouTube,農業委員會 水產試驗所,https://www.youtube.com/user/tfrin199/
行政院農業委員會 ,水產試驗所 ,Flickr,農業委員會 水產試驗所,https://www.flickr.com/photos/104725903@N02/
行政院農業委員會 ,林務局 ,Blog,羅東自然教育中心,http://luodong-nec.blogspot.tw/
行政院農業委員會 ,林務局 ,Blog,八仙山自然教育中心,http://basianshan.pixnet.net/blog
行政院農業委員會 ,林務局 ,Blog,觸口自然教育中心,http://blog.yam.com/cycknc
行政院農業委員會 ,林務局 ,Blog,知本自然教育中心,http://jbcenter0312.blogspot.tw/
行政院農業委員會 ,林務局 ,Blog,雙流自然教育中心,http://slnc.pixnet.net/blog
行政院農業委員會 ,林務局 ,Blog,東眼山自然教育中心,http://fable0204.pixnet.net/blog
行政院農業委員會 ,林務局 ,Blog,奧萬大自然教育中心,http://aowandanc.pixnet.net/blog
行政院農業委員會 ,林務局 ,Facebook,MASADI FOREST 奇幻森林村,https://www.facebook.com/MASADIFOREST/
行政院農業委員會 ,林務局 ,Facebook,森林學堂－東眼山自然教育中心,https://www.facebook.com/DYSNEC/
行政院農業委員會 ,林務局 ,Facebook,觸口自然教育中心(Chukou Nature Center),https://www.facebook.com/cycknc/
行政院農業委員會 ,林務局 ,Facebook,八仙山自然教育中心(Basianshan nature center),https://www.facebook.com/BSSNC.tw/
行政院農業委員會 ,林務局 ,Facebook,奧萬大自然教育中心,https://www.facebook.com/AWDNC/
行政院農業委員會 ,林務局 ,Facebook,羅東自然教育中心,https://www.facebook.com/luodong/
行政院農業委員會 ,林務局 ,Facebook,雙流自然教育中心,https://www.facebook.com/SLNC123/
行政院農業委員會 ,林務局 ,Facebook,生態電影節,https://www.facebook.com/2013ecofilm/
行政院農業委員會 ,林務局 ,Facebook,林後四林平地森林園區,https://www.facebook.com/linhousihlin/
行政院農業委員會 ,林務局 ,Facebook,鰲鼓濕地粉絲團,https://www.facebook.com/aogupark/
行政院農業委員會 ,林務局 ,Facebook,生態領航家,https://www.facebook.com/iecogroup/
行政院農業委員會 ,林務局 ,YouTube,林務局政風室,https://www.youtube.com/channel/UCqAED92xqp3MD5LSdRMZ-QA/
行政院農業委員會 ,林務局 ,Facebook,池南自然教育中心,https://www.facebook.com/ChihnanNatureCenter/
行政院農業委員會 ,林業試驗所 ,YouTube,林業試驗所影音,https://www.youtube.com/channel/UCOCkBE7EcyRNDj5-JgY_MIA/
行政院農業委員會 ,花蓮區農業改良場 ,YouTube,花蓮區農業改良場 ,https://www.youtube.com/user/hdares2009/
行政院農業委員會 ,花蓮區農業改良場 ,Flickr,花蓮區 農業改良場,https://www.flickr.com/photos/115614246@N07/
行政院農業委員會 ,花蓮區農業改良場 ,Facebook,花蓮區農業改良場,https://www.facebook.com/hdares2015/
行政院農業委員會 ,花蓮區農業改良場 ,其他,花蓮區農業改良場,http://line.me/ti/p/%40siq7460r
行政院農業委員會 ,屏東農業生物技術園區籌備處,Facebook,樂活在農科 (Lohas in PABP),https://www.facebook.com/pabptaiwan/
行政院農業委員會 ,桃園區農業改良場 ,YouTube,農委會桃改場,https://www.youtube.com/channel/UCTlO-166kKMMQBVBRg-iwZQ/
行政院農業委員會 ,桃園區農業改良場 ,Facebook,行政院農業委員會桃園區農業改良場,https://www.facebook.com/tydares/
行政院農業委員會 ,特有生物研究保育中心 ,YouTube,特有生物研究保育中心,https://www.youtube.com/channel/UCQ3jrZ7ku6c15QPUBVWzu5A/
行政院農業委員會 ,特有生物研究保育中心 ,Facebook,特有生物研究保育中心保育教育館,https://www.facebook.com/ESRICEC/
行政院農業委員會 ,特有生物研究保育中心 ,Facebook,黑面琵鷺生態展示館,https://www.facebook.com/blackfacedspoonbillhall/
行政院農業委員會 ,特有生物研究保育中心 ,Facebook,i35-愛生物,https://www.facebook.com/pages/i35-愛生物/134204703340032/
行政院農業委員會 ,特有生物研究保育中心 ,Facebook,自然保育季刊,https://www.facebook.com/naturecq/
行政院農業委員會 ,特有生物研究保育中心 ,Facebook,野生動物急救站,https://www.facebook.com/wfas309/
行政院農業委員會 ,高雄區農業改良場 ,YouTube,農委會高雄區農業改良場,https://www.youtube.com/channel/UC_tF3EHbmshTicuaNj-WRVw/
行政院農業委員會 ,高雄區農業改良場 ,Facebook,高雄區農業改良場,https://www.facebook.com/Kaohsiung.DAIS/
行政院農業委員會 ,高雄區農業改良場 ,其他,農委會高雄區農業改良場Google+,https://plus.google.com/+農委會高雄區農業改良場/posts/
行政院農業委員會 ,農業金融局 ,YouTube,行政院農業委員會農業金融局,https://www.youtube.com/channel/UCIaY00NzZw6GBgoZiES_joA/
行政院農業委員會 ,農業金融局 ,Facebook,行政院農業委員會農業金融局,https://www.facebook.com/pages/行政院農業委員會農業金融局/540944695991164/
行政院農業委員會 ,農糧署,Flickr, 農委會 農糧署,https://www.flickr.com/photos/133044950@N04/
行政院農業委員會 ,農糧署,YouTube,農糧署官方頻道,https://www.youtube.com/channel/UC4rTDhEmBSv1uWIcqtvQ6Qg
行政院農業委員會 ,農糧署,Facebook,鮮享農YA - 農糧署,https://www.facebook.com/afayayaya/
行政院農業委員會 ,漁業署 ,YouTube,行政院農業委員會漁業署,https://www.youtube.com/user/FaCoaVideo/
行政院農業委員會 ,漁業署 ,Facebook,養殖青年團,https://www.facebook.com/groups/203538293108496/
行政院農業委員會 ,漁業署 ,Facebook,行政院農業委員會漁業署,https://www.facebook.com/fisheryTW/
行政院農業委員會 ,漁業署 ,Facebook,漁業廣播電臺,https://www.facebook.com/frs.gov/
行政院農業委員會 ,臺中區農業改良場 ,YouTube,行政院農業委員會臺中區農業改良場,https://www.youtube.com/channel/UCe25gVtQbOHprGi6ujp7-qg/
行政院農業委員會 ,臺中區農業改良場 ,Facebook,臺中區農業改良場,https://www.facebook.com/tdares/
行政院農業委員會 ,臺中區農業改良場 ,Flickr,臺中區農業改良場生活點滴,https://www.flickr.com/photos/tdares/
法務部,司法官學院,YouTube,法務部司法官學院,https://www.youtube.com/channel/UC1ohU5ey9Ptpzr6Kj2U15qg/
法務部,司法官學院,Flickr,法務部 司法官學院,https://www.flickr.com/photos/124113376@N07/
法務部,行政執行署 ,YouTube,行政執行署,https://www.youtube.com/channel/UCth7EXf77LjjHenf_L9eH4g/
法務部,行政執行署 ,Flickr,法務部行政執行署,https://www.flickr.com/photos/148399646@N06/albums/with/72157681065759686
法務部,最高法院檢察署 ,YouTube,最高法院檢察署影音專區,https://www.youtube.com/channel/UCoYGvln5_QvuaKMD17ITsCQ/
法務部,最高法院檢察署 ,Flickr,最高法院檢察署相簿專區,https://www.flickr.com/photos/130077709@N04/
法務部,廉政署,Flickr,法務部廉政署 相片專區,https://www.flickr.com/photos/aacmoj/
法務部,廉政署,YouTube,法務部廉政署影音專區,https://www.youtube.com/user/aacmoj/
法務部,臺灣高等法院檢察署 ,YouTube, 臺灣高等法院檢察署影音專區,https://www.youtube.com/user/tphmoj/
法務部,臺灣高等法院檢察署 ,Flickr,臺灣高等法院檢察署網路相簿,https://www.flickr.com/photos/tphflickr/
法務部,調查局,YouTube,法務部調查局,https://www.youtube.com/channel/UCKdIZ6DedFLz-YXa6X-uEYA
法務部,調查局,Facebook,法務部調查局,https://www.facebook.com/taiwanmjib/
法務部,調查局,Flickr,全國保防教育 推行委員會,https://www.flickr.com/photos/mjibps/
法務部,矯正署,YouTube, 矯正署影音專區,https://www.youtube.com/channel/UCB-FYuJtJTXAX6jH44zljSQ/
法務部,矯正署,Facebook,矯正署微電影專區,https://www.facebook.com/pages/矯正署微電影專區/445285358898554/
法務部,矯正署,Flickr,矯正署 電子相簿,https://www.flickr.com/photos/115678395@N05/
金融監督管理委員會 ,中央存款保險股份有限公司,YouTube,中央存款保險公司,https://www.youtube.com/user/CDICTaiwan/
金融監督管理委員會 ,中央存款保險股份有限公司,Flickr,CDIC 中央存款保險公司,https://www.flickr.com/photos/cdic/
科技部 ,中部科學工業園區管理局,YouTube,中部科學工業園區,https://www.youtube.com/channel/UC_rMomZu-DyPzno4xnCDF-g/
科技部 ,中部科學工業園區管理局,其他,中科Google+,https://plus.google.com/106439083652146482695/posts
科技部 ,中部科學工業園區管理局,Facebook,悠遊中科,https://www.facebook.com/CTSPBureau
科技部 ,南部科學工業園區管理局,YouTube,南部科學工業園區管理局  ,https://www.youtube.com/user/STSIPAIT/
科技部 ,南部科學工業園區管理局,Facebook,南科543,https://www.facebook.com/stsp.gov.tw/
科技部 ,新竹科學工業園區管理局 ,YouTube, 竹科萬花筒,https://www.youtube.com/user/sipa10310/
科技部 ,新竹科學工業園區管理局 ,Facebook,竹科大小事,https://www.facebook.com/hsipa/
科技部 ,新竹科學工業園區管理局 ,其他,科技部新竹科學工業園區管理局,https://flipboard.com/@sipatw
原住民族委員會 ,文化園區管理局 ,Facebook,台灣原住民族文化園區,https://www.facebook.com/tacp.tw/
原住民族委員會 ,文化園區管理局 ,YouTube, 原住民族委員會文化園區管理局,https://www.youtube.com/channel/UCUCbWFkeOBGf8cZupThkM2A/
財政部,中區國稅局 ,Blog,中區國稅局鐵馬隊,http://mypaper.pchome.com.tw/dnlee/
財政部,中區國稅局 ,YouTube,中區國稅局影音頻道,https://www.youtube.com/user/yourntact/
財政部,中區國稅局 ,Facebook,中區國稅局 稅務e吉棒,https://www.facebook.com/ntbca321/
財政部,中區國稅局 ,Twitter,財政部中區國稅局,https://twitter.com/ntbca168/
財政部,中區國稅局 ,Plurk,財政部中區國稅局,http://www.plurk.com/yourntact/
財政部,中區國稅局 ,其他,財政部中區國稅局LINE,http://accountpage.line.me/oso2755c
財政部,中區國稅局 ,Blog,中區國稅局 稅務e吉棒,http://ntbca.blogspot.tw/
財政部,北區國稅局 ,Blog,花蓮分局,http://u96hualien.blogspot.tw/
財政部,北區國稅局 ,YouTube,北區國稅局,https://www.youtube.com/user/NTXweb/
財政部,北區國稅局 ,YouTube,桃園分局,https://www.youtube.com/channel/UCd1tpLOu0HxIfGAc65zN9AQ/
財政部,北區國稅局 ,YouTube,花蓮分局,https://www.youtube.com/user/u96hualien/
財政部,北區國稅局 ,Facebook,北區國稅局板橋分局,https://www.facebook.com/BanqiaoBranch/
財政部,北區國稅局 ,Facebook,北區國稅局,https://www.facebook.com/NTBNA/
財政部,北區國稅局 ,Facebook,北區國稅局花蓮分局,https://www.facebook.com/hualientax/
財政部,北區國稅局 ,Facebook,北區國稅局竹北分局,https://www.facebook.com/財政部北區國稅局竹北分局-124837454354656/
財政部,北區國稅局 ,其他,財政部北區國稅局LINE,http://accountpage.line.me/xij1213n
財政部,北區國稅局 ,Blog,國稅局花蓮分局,https://www.blogger.com/profile/08786454858896281220
財政部,南區國稅局 ,Blog,財政部南區國稅局,http://ecolife.epa.gov.tw/blog/307550000d
財政部,南區國稅局 ,YouTube,財政部南區國稅局,https://www.youtube.com/user/ntasu2/
財政部,南區國稅局 ,YouTube,嘉義縣分局,https://www.youtube.com/user/ntaschiayi/
財政部,南區國稅局 ,YouTube,南區國稅局屏東分局,https://www.youtube.com/user/t9008129/
財政部,南區國稅局 ,YouTube,臺南分局,https://www.youtube.com/user/ntastainancity/
財政部,南區國稅局 ,YouTube,南區國稅局新營分局,https://www.youtube.com/channel/UCDc2fp85Unx8f-ZSqz9ELBg/
財政部,南區國稅局 ,YouTube,國稅局臺東分局,https://www.youtube.com/channel/UC-ArXCUsRbbkZM_138_A4pg/
財政部,南區國稅局 ,Facebook,國稅局-嘉義縣分局,https://www.facebook.com/國稅局-嘉義縣分局-132002846873757/
財政部,南區國稅局 ,Facebook,南區國稅局,https://www.facebook.com/ntbsa/
財政部,南區國稅局 ,Facebook,國稅局新營分局,https://www.facebook.com/NanQuGuoShuiJuXinYingFenJu
財政部,南區國稅局 ,Facebook,南區國稅局臺南分局,https://www.facebook.com/ntbsaD70/
財政部,南區國稅局 ,Facebook,南區國稅局臺東分局,https://www.facebook.com/南區國稅局臺東分局-459711840756154/
財政部,南區國稅局 ,Facebook,國稅局嘉義市分局,https://www.facebook.com/I66.gov.tw/
財政部,南區國稅局 ,Facebook,南區國稅局屏東分局,https://www.facebook.com/財政部南區國稅局屏東分局-135508216486742/
財政部,南區國稅局 ,Facebook,南區國稅局澎湖分局,https://www.facebook.com/財政部南區國稅局澎湖分局-368264203269191/
財政部,南區國稅局 ,Plurk,嘉義縣分局在噗浪,http://www.plurk.com/ntas_chiaycounty
財政部,南區國稅局 ,Plurk,南區國稅局臺南分局,http://www.plurk.com/ntas_tainancity
財政部,南區國稅局 ,YouTube,南區國稅局新化稽徵所,https://www.youtube.com/user/sinhuaoffice/
財政部,南區國稅局 ,Facebook,南區國稅局民雄稽徵所,https://www.facebook.com/msntbsa/
財政部,南區國稅局 ,Facebook,南區國稅局新化稽徵所,https://www.facebook.com/SinhuaOffice/
財政部,南區國稅局 ,Facebook,南區國稅局佳里稽徵所,https://www.facebook.com/jialioffice/
財政部,南區國稅局 ,Facebook,南區國稅局東港稽徵所,https://www.facebook.com/財政部南區國稅局東港稽徵所-347592681969633/
財政部,南區國稅局 ,Facebook,南區國稅局潮州稽徵所,https://www.facebook.com/ntas.Chaojhou/
財政部,南區國稅局 ,Facebook,南區國稅局恆春稽徵所,https://www.facebook.com/ntas.hengchuen/
財政部,南區國稅局 ,YouTube,國稅局嘉義市分局,https://www.youtube.com/channel/UCchWrWHFx9YBXfLH5ML8_hQ/
財政部,南區國稅局 ,YouTube,南區國稅局民雄稽徵所,https://www.youtube.com/channel/UCsDdOIG4YFwZUgU3Hm-hzgA/
財政部,南區國稅局 ,Facebook,南區國稅局安南稽徵所,https://www.facebook.com/Annanoffice/
財政部,南區國稅局 ,YouTube,南區澎湖分局,https://www.youtube.com/channel/UCRyVShHslZ_xnDQQtaWhyQA
財政部,南區國稅局 ,YouTube,南區國稅局安南稽徵所,https://www.youtube.com/channel/UCupJNlqEta5Rrcm-8Vt2ueQ
財政部,南區國稅局 ,YouTube,南區國稅局佳里稽徵所,https://www.youtube.com/channel/UCUbSfw3hbofgwBesRBGf4ng
財政部,南區國稅局 ,YouTube,東港稽徵所(2) 南區,https://www.youtube.com/channel/UCkFAuFlQQjgapd2Rpr90J-A/
財政部,南區國稅局 ,YouTube,南區國稅局恆春稽徵所,https://www.youtube.com/user/ntashengchuen
財政部,南區國稅局 ,YouTube,南區國稅局潮州稽徵所,https://www.youtube.com/channel/UC_osEDLBq5l4_AkInaKHTiw
財政部,財政部財政資訊中心 ,Facebook,電子發票e起8-VAVA熊,https://www.facebook.com/einvoice178/
財政部,財政部財政資訊中心 ,YouTube,財政部財政資訊中心,https://www.youtube.com/channel/UCQWFQiKE7JfTldus5pXRGZg
財政部,高雄國稅局,YouTube,高雄國稅局,https://www.youtube.com/channel/UCB-L8a7b577hBss0RJ64qgw/
財政部,高雄國稅局,Facebook,高雄國稅局-稅務e達人,https://www.facebook.com/ntak.gov/
財政部,高雄國稅局,Facebook,鳳山分局-鳳城稅事,https://www.facebook.com/ntbk.fengshan/
財政部,高雄國稅局,Facebook,岡山稽徵所,https://www.facebook.com/財政部高雄國稅局岡山稽徵所-364283570335956/
財政部,高雄國稅局,其他,財政部高雄國稅局LINE,http://accountpage.line.me/xat.0000194611.3uy
財政部,高雄國稅局,YouTube,鳳山分局高雄國稅局,https://www.youtube.com/channel/UCQLfeKaHStpFgf7TVJCqsBw/
財政部,高雄國稅局,Facebook,鹽埕國稅稅稅戀,https://www.facebook.com/YanChenTax/timeline
財政部,高雄國稅局,Facebook,財政部高雄國稅局左營稽徵所,https://www.facebook.com/財政部高雄國稅局左營稽徵所-1382571148661427/
財政部,國有財產署 ,YouTube,國產中區花絮影城,https://www.youtube.com/user/npbmtovideo/
財政部,國有財產署 ,YouTube,國產南區花絮影城,https://www.youtube.com/user/nks7150/
財政部,國有財產署 ,YouTube,國產北區花絮影城,https://www.youtube.com/channel/UCkdTZbi_hUombV9SbZgq1xQ/
財政部,國有財產署 ,Facebook,財政部國有財產署南區分署,https://www.facebook.com/nks.government
財政部,國有財產署 ,Facebook,財政部國有財產署中區分署,https://www.facebook.com/npbmto100
財政部,國有財產署 ,Twitter,國產中區推特,https://twitter.com/cronpa/
財政部,國有財產署 ,Plurk,國產中區噗浪,http://www.plurk.com/cronpa/
財政部,國有財產署 ,Plurk,國產北區噗浪,http://www.plurk.com/npbnto/
財政部,國有財產署 ,Twitter,國產北區推特,https://twitter.com/npbnto/
財政部,國有財產署 ,Facebook,財政部國有財產署北區分署,https://www.facebook.com/www.fnpn.gov.tw
財政部,國有財產署 ,Facebook,國有財產e點靈,https://www.facebook.com/fnp.gov.tw/?fref=ts
財政部,國庫署,YouTube,財政部國庫署,https://www.youtube.com/user/ntaweb/
財政部,國庫署,Twitter,財政部國庫署 ,https://twitter.com/nta_web/
財政部,國庫署,Facebook,財政部國庫署．財政我最庫,https://www.facebook.com/mofnta
財政部,臺北國稅局 ,YouTube,ntbtweb,https://www.youtube.com/user/ntatweb/
財政部,臺北國稅局 ,Facebook,稅務小精靈,https://www.facebook.com/ntbt.mof/
財政部,臺北國稅局 ,Blog,稅務小精靈Blog,http://ntbtline.pixnet.net/blog/
財政部,臺北國稅局 ,Twitter,稅務小精靈,https://twitter.com/ntbtline
財政部,臺北國稅局 ,Plurk,稅務小精靈,http://www.plurk.com/ntbt_line/
財政部,臺北國稅局 ,Facebook,松山稅務小精靈（松山國稅局）,https://www.facebook.com/Songshan103/
財政部,臺北國稅局 ,Facebook,中正稅務小精靈（財政部臺北國稅局中正分局）,https://www.facebook.com/TAX.ZHONGZHENG/
財政部,臺北國稅局 ,Facebook,信義稅務小精靈 - 信義國稅局,https://www.facebook.com/xinyi.branch/
財政部,臺北國稅局 ,Facebook,大安愛鄰 稅愛森林,https://www.facebook.com/大安愛鄰-稅愛森林-516960431673671/
財政部,臺北國稅局 ,Facebook,文山稅務小精靈-文山稽徵所,https://www.facebook.com/文山稅務小精靈-文山稽徵所-902304183116293/
財政部,臺北國稅局 ,其他,稅務小精靈Loomio,https://www.loomio.org/g/EMsGfrdW/national-taxation-bureau-of-taipei
財政部,臺北國稅局 ,其他,財政部臺北國稅局松山分局LINE,http://accountpage.line.me/xat.0000122743.s0r
財政部,臺北國稅局 ,Facebook,財政部臺北國稅局大同稽徵所,https://www.facebook.com/財政部臺北國稅局大同稽徵所-606561342763712/
財政部,臺北國稅局 ,Facebook,中南稅務小精靈 -臺北國稅局中南稽徵所,https://www.facebook.com/zhongnan104/
財政部,臺北國稅局 ,其他,北國Happy line,http://www.ntbt.gov.tw/etwmain/front/ETW118W/CON/989/5564920527365689778?tagCode=
財政部,臺灣土地銀行股份有限公司,Blog,土銀房貸部落格,http://blog.yam.com/consumerlbot
財政部,臺灣土地銀行股份有限公司,Facebook,土地銀行 LandBank.tw,https://www.facebook.com/土地銀行-LandBanktw-243970158979587/
財政部,臺灣金融控股股份有限公司 ,Facebook,臺灣銀行粉獅團,https://www.facebook.com/botlion/
財政部,臺灣金融控股股份有限公司 ,YouTube,臺灣銀行籃球隊,https://www.youtube.com/user/botsbl/
財政部,臺灣菸酒股份有限公司 ,YouTube,台酒影音,https://www.youtube.com/channel/UCe1QQlbFDXHSHaqbmalOC-w/
財政部,臺灣菸酒股份有限公司 ,Facebook,吃喝玩樂在台酒,https://www.facebook.com/ttl1898/
財政部,臺灣菸酒股份有限公司 ,YouTube,台灣啤酒,https://www.youtube.com/user/ttltwbeer/
財政部,臺灣菸酒股份有限公司 ,Facebook,台灣啤酒,https://www.facebook.com/beer.taiwan/
財政部,臺灣菸酒股份有限公司 ,YouTube,TTL 台酒生技,https://www.youtube.com/channel/UChCMktYWRG8Ya5MHwYtCYUQ
財政部,臺灣菸酒股份有限公司 ,Facebook,台酒生技粉絲團,https://www.facebook.com/TTL.BIOTECH/
財政部,臺灣菸酒股份有限公司 ,Facebook,Vinata Lady。青春釀製所,https://www.facebook.com/vinatalady/
財政部,臺灣菸酒股份有限公司 ,Facebook,南投酒廠單一麥芽威士忌,https://www.facebook.com/groups/183339155180779/
財政部,賦稅署 ,YouTube,財政部賦稅署 ,https://www.youtube.com/user/8195cechen/
財政部,賦稅署 ,Facebook,賦稅署點點通,https://www.facebook.com/dot.gov.tw
財政部,關務署 ,YouTube,財政部關務署,https://www.youtube.com/user/DGOCTW/
財政部,關務署 ,Facebook,海關緝毒犬,https://www.facebook.com/海關緝毒犬-1412275325674626/
財政部,關務署 ,Facebook,海關博物館,https://www.facebook.com/海關博物館-586534301401320/
財政部,關務署 ,Facebook,關務署臺北關,https://www.facebook.com/關務署臺北關-282039961871164/
財政部,關務署 ,Facebook,臺中關服務小精靈,https://www.facebook.com/臺中關服務小精靈-196597313778024/
財政部,關務署 ,Facebook,關務署基隆關,https://www.facebook.com/KLCB.gov.tw/
財政部,關務署 ,Plurk,關務署,http://www.plurk.com/DGOC
財政部,關務署 ,Plurk,基隆關,http://www.plurk.com/aacustoms
財政部,關務署 ,Facebook,關務署,https://www.facebook.com/customs.tw/
財政部,關務署 ,Facebook,財政部關務署高雄關,https://www.facebook.com/KHHcustoms/
國防部,三軍總醫院,Flickr,三軍總醫院,https://www.flickr.com/photos/tsgh/
國防部,三軍總醫院,YouTube,三軍總醫院,https://www.youtube.com/channel/UCPiJaSnyFuKiRM9ehQvUnJQ/feed
國防部,三軍總醫院,Facebook,三軍總醫院,https://www.facebook.com/tsghpmd/
國防部,中正國防幹部預備學校,Blog,中正國防幹部預備學校,http://ccafps.blogspot.tw/
國防部,中正國防幹部預備學校,YouTube, 中正預校,https://www.youtube.com/channel/UC9FADM69kARZ3doavVaX6nQ/
國防部,中正國防幹部預備學校,Facebook,中正國防幹部預備學校粉絲團,https://www.facebook.com/ccafpspages/
國防部,中正國防幹部預備學校,Flickr,中正國防幹部預備學校,https://www.flickr.com/photos/113975074@N04/
國防部,中正國防幹部預備學校,其他,中正國防幹部預備學校Google+,https://plus.google.com/u/0/109386559118926130337/
國防部,全民國防教育,Facebook,全民國防教育,https://www.facebook.com/aode.mnd/
國防部,空軍司令部 ,YouTube,空軍司令部,https://www.youtube.com/user/cafhqiw/
國防部,空軍司令部 ,Facebook,空軍司令部臉書專頁,https://www.facebook.com/cafhq/
國防部,空軍軍官學校,Facebook,空軍軍官學校,https://www.facebook.com/cafaedu/
國防部,空軍軍官學校,YouTube, 空軍軍官學校,https://www.youtube.com/channel/UCZ0BPSMW22Bq9LVIQNJpYPQ
國防部,空軍航空技術學院,Facebook,空軍航空技術學院,https://www.facebook.com/afats2014/
國防部,青年日報社,Facebook,青年日報,https://www.facebook.com/ydnews123/
國防部,青年日報社,Flickr,青年日報 Youth Daily News ,https://www.flickr.com/photos/ydnews
國防部,青年日報社,YouTube,Youth Daily News 青年日報,https://www.youtube.com/channel/UC47PT9tQ-onpq37O6fVZBIg
國防部,後備指揮部,Facebook,國民革命忠烈祠,https://www.facebook.com/rocshrine/
國防部,後備指揮部,Facebook,國軍示範公墓,https://www.facebook.com/afrc.cms/
國防部,後備指揮部,Facebook,國防部後備指揮部,https://www.facebook.com/AFRC.MND
國防部,後備指揮部,YouTube,國防部後備指揮部,https://www.youtube.com/channel/UCWFgyvs2IU-4vv2PRAr2S4g
國防部,後備指揮部,Flickr,後備指揮部,https://www.flickr.com/photos/afrc_official/sets/
國防部,政治作戰局,YouTube,國防部政治作戰局,https://www.youtube.com/channel/UCPr4Q5jEgaLev7a3AOtItaQ/
國防部,政治作戰局,其他,國防部政治作戰局Google+,https://plus.google.com/106365722567363396369
國防部,軍事新聞通訊社,YouTube,軍聞社,https://www.youtube.com/channel/UCHVLHU-Ke9PUnJgADeomczw/
國防部,軍醫局 ,Flickr,軍醫局,https://www.flickr.com/photos/mabservice/
國防部,軍醫局 ,YouTube,mab service,https://www.youtube.com/user/mabservice2012
國防部,軍醫局 ,Facebook,軍醫粉絲團,https://www.facebook.com/ndmab
國防部,海軍司令部,Facebook,中華民國海軍,https://www.facebook.com/ROCNAVY.tw
國防部,海軍司令部,YouTube,NavyBoy Honor,https://www.youtube.com/user/alexchenwei66/
國防部,海軍司令部,Facebook,中華民國海軍陸戰隊,https://www.facebook.com/pg/ChineseMarineCorp
國防部,海軍軍官學校,Facebook,海軍軍官學校,https://www.facebook.com/R.O.C.NavalAcademy
國防部,海軍軍官學校,YouTube,海軍官校,https://www.youtube.com/channel/UCiH7hGaoNVgDTG5HLsd8Xgw
國防部,國防大學,Facebook,國防大學臉書專頁,https://www.facebook.com/ndurecruit/
國防部,國防大學,Facebook,國防大學招募專頁,https://www.facebook.com/nduenlist/
國防部,國防大學,其他,國防大學Line,http://www.ndu.edu.tw/files/11-1000-576.php
國防部,國防大學,YouTube,國防大學磨課師教學影音平台,https://www.youtube.com/channel/UCVOBjsEsI__ibXLE3b9z5Bw
國防部,國防醫學院,Facebook,國防醫學院（National Defense Medical Center）,https://www.facebook.com/newsndmc/
國防部,國防醫學院,Flickr,國防醫學院,https://www.flickr.com/photos/ndmc/
國防部,國防醫學院,YouTube,國防醫學院 NDMC,https://www.youtube.com/channel/UCfmck86oz8HoZTN_Zxo9hag
國防部,國軍人才招募中心,YouTube,國軍人才招募中心,https://www.youtube.com/channel/UCvi9XeEIKpekj7aqF0ztjdw/
國防部,國軍人才招募中心,Facebook,國軍人才招募中心,https://www.facebook.com/rdrc.mnd/
國防部,國軍花蓮總醫院,Facebook,國軍花蓮總醫院,https://www.facebook.com/hospital805/
國防部,國軍花蓮總醫院,Flickr,國軍 花蓮總醫院,https://www.flickr.com/photos/124124922@N03/
國防部,國軍花蓮總醫院,YouTube,國軍花蓮總醫院,https://www.youtube.com/channel/UC2jeIePmsLK-UqJ7lc9q_lA
國防部,國軍桃園總醫院,YouTube, 國軍桃園總醫院,https://www.youtube.com/channel/UCa79r-zXsTB33T-HBT2BFOg/
國防部,國軍桃園總醫院,Facebook,國軍桃園總醫院,https://www.facebook.com/804mnd
國防部,國軍桃園總醫院,Flickr,國軍桃園總醫院,https://www.flickr.com/photos/804mnd/
國防部,國軍高雄總醫院,YouTube, 國軍高雄總醫院,https://www.youtube.com/channel/UCezDPE0bZbk8-K5l1KVVqnw/
國防部,國軍高雄總醫院,Facebook,國軍高雄總醫院,https://www.facebook.com/802mnd/
國防部,國軍高雄總醫院,Facebook,國軍高雄總醫院左營分院,https://www.facebook.com/806mnd/
國防部,國軍高雄總醫院,Facebook,國軍高雄總醫院岡山分院,https://www.facebook.com/814mnd/
國防部,國軍高雄總醫院,Flickr,國軍高雄總醫院,https://www.flickr.com/photos/118615818@N03/
國防部,國軍臺中總醫院,Facebook,國軍臺中總醫院,https://www.facebook.com/803mnd/
國防部,國軍臺中總醫院,YouTube,八零三,https://www.youtube.com/channel/UCewF1vlGpbehTp2-_rCmeKQ/
國防部,國軍臺中總醫院,Flickr,國軍台中總醫院,https://www.flickr.com/photos/140621519@N02/
國防部,國軍臺中總醫院,其他,國軍臺中總醫院,https://www.instagram.com/tafgh803/
國防部,國軍歷史文物館,Facebook,國軍歷史文物館,https://www.facebook.com/AFM.ROC/
國防部,陸軍司令部,Facebook,中華民國陸軍司令部,https://www.facebook.com/ROC.armyhq/
國防部,陸軍司令部,YouTube,Army-PwoDane R.O.C.,https://www.youtube.com/channel/UC0S3EoJQuSxJBFhWh-n4-eA
國防部,陸軍軍官學校,Facebook,陸軍軍官學校,https://www.facebook.com/ROCmaActivities/
國防部,陸軍專科學校,Facebook,中華民國陸軍專科學校－官網,https://www.facebook.com/aarocAdmissions/
國防部,陸軍專科學校,YouTube,中華民國陸軍專科學校－官網 (Army Academy R.O.C.),https://www.youtube.com/user/ArmyAcademyROC
國防部,福利事業管理處,Facebook,國軍福利站,https://www.facebook.com/gwsmmnd/
國防部,憲兵指揮部,Facebook,憲兵指揮部發言人,https://www.facebook.com/mpcommand/
國防部,憲兵指揮部,YouTube,憲兵指揮部,https://www.youtube.com/channel/UCGrLQwrmaBX87JmpaQmkhRw/
國軍退除役官兵輔導委員會 ,武陵農場,YouTube,武陵農場YouTube,https://www.youtube.com/user/ibestblog/
國軍退除役官兵輔導委員會 ,武陵農場,Facebook,武陵農場 Wuling Farm,https://www.facebook.com/WulingFarm0510/
國軍退除役官兵輔導委員會 ,高雄榮民總醫院 ,Facebook,高雄榮民總醫院,https://www.facebook.com/vghks/
國軍退除役官兵輔導委員會 ,高雄榮民總醫院 ,YouTube,高雄榮民總醫院,https://www.youtube.com/user/KsvghW/
國軍退除役官兵輔導委員會 ,清境農場,Facebook,清境農場 Qingjing Farm,https://www.facebook.com/CingjingFarm/
國軍退除役官兵輔導委員會 ,福壽山農場,Blog,福壽山農場-閱讀網站blog,http://fushoushan-book.blogspot.tw/
國軍退除役官兵輔導委員會 ,福壽山農場,Facebook,福壽山農場粉絲團,https://www.facebook.com/fssfarm/
國軍退除役官兵輔導委員會 ,臺中榮民總醫院 ,Facebook,台中榮民總醫院,https://www.facebook.com/vghtc/
國軍退除役官兵輔導委員會 ,臺北榮民總醫院 ,Facebook,臺北榮民總醫院,https://www.facebook.com/pages/臺北榮民總醫院/214139745442664/
國軍退除役官兵輔導委員會 ,臺北榮民總醫院 ,YouTube,臺北榮民總醫院 Taipei Veterans General Hospital,https://www.youtube.com/channel/UCK331fJHB2_M4JVI8oYN3iA/
國軍退除役官兵輔導委員會 ,臺北榮民總醫院 ,Flickr,臺北榮民總醫院 Taipei Veterans General Hospital,https://www.flickr.com/photos/vghtpe
國軍退除役官兵輔導委員會 ,臺北榮民總醫院 ,其他,臺北榮民總醫院,https://plus.google.com/118267592429407835985
國家發展委員會 ,檔案管理局 ,YouTube,TAIWANarchives,https://www.youtube.com/user/TAIWANarchives/
國家發展委員會 ,檔案管理局 ,Facebook,檔案ing,https://www.facebook.com/Archives.ing/
教育部,青年發展署 ,YouTube,青年發展署影音專區,https://www.youtube.com/user/youthstory/
教育部,青年發展署 ,Facebook,RICH職場體驗網,https://www.facebook.com/rich.gov/
教育部,青年發展署 ,Facebook,壯遊體驗學習網,https://www.facebook.com/youthtravel.tw/
教育部,青年發展署 ,Facebook,區域和平志工團,https://www.facebook.com/GYSD.NYC/
教育部,青年發展署 ,Facebook,青年政策大聯盟,https://www.facebook.com/YPU.NYC/
教育部,青年發展署 ,Facebook,青年和平志工團 Youth Volunteer Service for Peace,https://www.facebook.com/gysd.yda/
教育部,青年發展署 ,Facebook,教育部青年發展署,https://www.facebook.com/ydagov
教育部,國民及學前教育署 ,YouTube,國教署YouTube頻道,https://www.youtube.com/user/k12ea/
教育部,國民及學前教育署 ,Facebook,國教署Facebook粉絲團,https://www.facebook.com/pages/教育部國民及學前教育署/550853721668725/
教育部,國民及學前教育署 ,Flickr,國教署Flickr,https://www.flickr.com/photos/k12ea/
教育部,國民及學前教育署 ,其他,國教署Google+,https://plus.google.com/116048518292124514238/posts/
教育部,國立公共資訊圖書館,YouTube,國立公共資訊圖書館,https://www.youtube.com/user/theNLPI/
教育部,國立公共資訊圖書館,Facebook,國立公共資訊圖書館,https://www.facebook.com/ilibrary/
教育部,國立自然科學博物館 ,YouTube,國立自然科學博物館YouTube頻道,https://www.youtube.com/user/NMNSTW1/
教育部,國立自然科學博物館 ,Facebook,國立自然科學博物館,https://www.facebook.com/COBOFANS/
教育部,國立自然科學博物館 ,Facebook,921地震教育園區,https://www.facebook.com/921emtFANS/
教育部,國立自然科學博物館 ,Facebook,鳳凰谷鳥園生態園區,https://www.facebook.com/fonghuanggu/
教育部,國立自然科學博物館 ,Facebook,車籠埔斷層保存園區,https://www.facebook.com/nmnscfpp/
教育部,國立自然科學博物館 ,Facebook,自然學友之家,https://www.facebook.com/NaturalistCenter/
教育部,國立自然科學博物館 ,其他,國立自然科學博物館 Instagram,https://www.instagram.com/nmnstw/
教育部,國立科學工藝博物館 ,Facebook,國立科學工藝博物館,https://www.facebook.com/ilovenstm/
教育部,國立海洋生物博物館 ,Facebook,"Hello,海洋（海生館活動頁）",https://www.facebook.com/helloocean/
教育部,國立教育廣播電臺 ,Facebook,教育電台聲動全世界,https://www.facebook.com/educationradio/
教育部,國立臺灣科學教育館 ,YouTube,國立臺灣科學教育館,https://www.youtube.com/user/ntsec/
教育部,國立臺灣科學教育館 ,Facebook,科教館GO好玩,https://www.facebook.com/ntsec/
教育部,國立臺灣圖書館 ,Facebook,國立臺灣圖書館,https://www.facebook.com/pages/國立臺灣圖書館/873109812704792/
教育部,國立臺灣圖書館 ,Facebook,陽明山中山樓,https://www.facebook.com/陽明山中山樓-170430539771710/
教育部,國家教育研究院 ,Facebook,國家教育研究院,https://www.facebook.com/NAER330/
教育部,國家教育研究院 ,YouTube,國家教育研究院YouTube頻道,https://www.youtube.com/user/Naer330/
教育部,國家圖書館 ,Facebook,國家圖書館 National Central Library,https://www.facebook.com/ncl.tw/
教育部,國家圖書館 ,YouTube,National Central Library 國家圖書館,https://www.youtube.com/channel/UC1ZTP3hdBYdkBsssZzVZPfA
勞動部 ,勞工保險局 ,Blog,小花葵的部落格,http://imlabor.pixnet.net/blog
勞動部 ,勞工保險局 ,YouTube,勞動部勞工保險局,https://www.youtube.com/user/BLIgovtw/
勞動部 ,勞工保險局 ,Facebook,勞工保險局,https://www.facebook.com/ImLabor/
勞動部 ,勞動力發展署,YouTube,「職訓精采 就業滿百」就業好幫手,https://www.youtube.com/user/eJobs100/
勞動部 ,勞動力發展署,Facebook,台灣就業通 TaiwanJobs,https://www.facebook.com/jobsfamily/
勞動部 ,勞動力發展署,YouTube,勞動部勞動力發展署技能檢定中心 Skill Evaluation Center,https://www.youtube.com/user/LaborChanne/
勞動部 ,勞動力發展署,YouTube,勞動力發展署雲嘉南分署,https://www.youtube.com/user/yct066985945
勞動部 ,勞動力發展署,YouTube,勞動力發展署中彰投分署,https://www.youtube.com/user/tcnrvideo/
勞動部 ,勞動力發展署,YouTube,勞動部勞動力發展署,https://www.youtube.com/channel/UCW4_xAGMRUyNbB9IzchFhSw/
勞動部 ,勞動力發展署,YouTube,賈萳妮,https://www.youtube.com/user/jobnanny/
勞動部 ,勞動力發展署,YouTube,勞動力發展署桃竹苗分署,https://www.youtube.com/user/wdathm/
勞動部 ,勞動力發展署,Facebook,賈好嘉JobGoodjob 勞動力發展署雲嘉南分署,https://www.facebook.com/jobgoodjob/
勞動部 ,勞動力發展署,Facebook,賈中哥JobGogo 勞動力發展署中彰投分署,https://www.facebook.com/tcesa/
勞動部 ,勞動力發展署,Facebook,賈北伯JobBebe 勞動力發展署北基宜花金馬分署,https://www.facebook.com/JobBebe/
勞動部 ,勞動力發展署,Facebook,賈萳妮 JobNanny 勞動力發展署高屏澎東分署,https://www.facebook.com/jobnanny/
勞動部 ,勞動力發展署,Facebook,賈桃樂JobTaole 勞動力發展署桃竹苗分署,https://www.facebook.com/JobTaole1/
勞動部 ,勞動及職業安全衛生研究所 ,YouTube,勞動及職業安全衛生研究所,https://www.youtube.com/user/iosh88/
勞動部 ,勞動基金運用局 ,YouTube,勞動部勞動基金運用局,https://www.youtube.com/user/blfweb8590/
勞動部 ,勞動基金運用局 ,Flickr,勞動部勞動基金運用局,https://www.flickr.com/photos/blfweb/
勞動部 ,勞動基金運用局 ,其他,勞動部勞動基金運用局Google+,https://plus.google.com/103482873200335651069/posts
勞動部 ,職業安全衛生署,YouTube, 職業安全衛生署,https://www.youtube.com/user/cla2010100/
勞動部 ,職業安全衛生署,YouTube,勞動部職業安全衛生署 中區職業安全衛生中心,https://www.youtube.com/channel/UCdpNGnI3NVXqtFu7tcraszQ/
勞動部 ,職業安全衛生署,Facebook,勞動部職業安全衛生署 中區職業安全衛生中心,https://www.facebook.com/pages/勞動部職業安全衛生署-中區職業安全衛生中心/581587805256683/
勞動部 ,職業安全衛生署,Facebook,勞動部職業安全衛生署南區職業安全衛生中心,https://www.facebook.com/OSHA.S.TW/
經濟部,工業局 ,YouTube,經濟部工業局影音專區,https://www.youtube.com/channel/UCwQ3hBnmUgyThfC_9LGYFEQ/
經濟部,工業局 ,Facebook,台灣製產品MIT微笑標章,https://www.facebook.com/smilemit/
經濟部,工業局 ,Facebook,Taiwan E-Scooter電動機車,https://www.facebook.com/likeTES/
經濟部,工業局 ,Facebook,台灣發明讚,https://www.facebook.com/pages/台灣發明讚/241161945985243/
經濟部,工業局 ,Facebook,經濟部工業局,https://www.facebook.com/moeaidb/
經濟部,工業局 ,Facebook,經濟部產業競爭力發展中心,https://www.facebook.com/moeaiac/
經濟部,工業局 ,Facebook,黑豬金礦幫-Open Data,https://www.facebook.com/opendataup/
經濟部,工業局 ,Facebook,產業創新學院,https://www.facebook.com/taiwan.innovation/
經濟部,工業局 ,Facebook,創意生活情報粉絲俱樂部,https://www.facebook.com/CreativeLife.Taiwan/
經濟部,中小企業處 ,YouTube,經濟部中小企業處影音頻道,https://www.youtube.com/user/wwwsmea/
經濟部,中小企業處 ,Facebook,創業圓夢 Start-up Hub,https://www.facebook.com/StartUpTaiwan/
經濟部,中小企業處 ,Facebook,經濟部中小企業處,https://www.facebook.com/smea.gov.tw/
經濟部,水利署 ,Blog,Taiwan Water,http://taiwan-water.blogspot.tw/
經濟部,水利署 ,YouTube,水利影音,https://www.youtube.com/user/myeRiver/
經濟部,水利署 ,Facebook,E河川-交流水知識,https://www.facebook.com/tw.River/
經濟部,水利署 ,Plurk,阿滴仔,http://www.plurk.com/twnriver/
經濟部,加工出口區管理處,Blog,加工處從業員工服務中心部落格,http://d4x04.pixnet.net/blog/
經濟部,加工出口區管理處,Facebook,臺中分處FB專區,https://www.facebook.com/tepztanzi/
經濟部,加工出口區管理處,Facebook,經濟部加工出口區管理處從業員工服務中心,https://www.facebook.com/EmployeeServiceCenter/
經濟部,台灣中油股份有限公司 ,Facebook,台灣中油,https://www.facebook.com/台灣中油-688746077896655/
經濟部,台灣中油股份有限公司 ,YouTube,中油影城,https://www.youtube.com/channel/UCnsRxzc33qx9HHw-gyHrlKg
經濟部,台灣中油股份有限公司 ,Facebook,油來遊去,https://www.facebook.com/油來遊去-101968793478625/
經濟部,台灣電力股份有限公司 ,YouTube,台電影音網 TaipowerTV,https://www.youtube.com/user/TaipowerTV/
經濟部,台灣電力股份有限公司 ,Facebook,電力粉絲團,https://www.facebook.com/TaiwanPowerCompany/
經濟部,能源局 ,YouTube,能源局影音頻道,https://www.youtube.com/user/moeaboe1/
經濟部,能源局 ,Flickr,能源局相片分享,https://www.flickr.com/photos/moeaboe/
經濟部,國際貿易局 ,Flickr,國際貿易局活動相簿,https://www.flickr.com/photos/88664700@N04/
經濟部,國際貿易局 ,Facebook,經濟部國際貿易局,https://www.facebook.com/boft.gov.tw/
經濟部,國際貿易局 ,YouTube,經濟部國際貿易局影音專區,https://www.youtube.com/channel/UCElQAp4CpQ4X6_oElhCzICA/
經濟部,智慧財產局 ,YouTube,經濟部智慧財產局,https://www.youtube.com/channel/UCEYYK1IZw9KfdN7B3SXmzJQ/
經濟部,智慧財產局 ,Facebook,原創我挺你,https://www.facebook.com/copyright.com.tw/
經濟部,智慧財產局 ,Facebook,經濟部智慧財產局,https://www.facebook.com/TIPO.gov.tw/
經濟部,智慧財產局 ,Flickr,經濟部 智慧財產局,https://www.flickr.com/photos/94069931@N08/
經濟部,貿易調查委員會 ,YouTube,經濟部貿易調查委員會,https://www.youtube.com/user/moeaitc/
經濟部,貿易調查委員會 ,Flickr,經濟部貿易調查委員會,https://www.flickr.com/photos/moeaitc/
經濟部,漢翔航空工業股份有限公司 ,YouTube,漢翔公司 ,https://www.youtube.com/user/twAIDC/
經濟部,漢翔航空工業股份有限公司 ,Facebook,漢翔公司,https://www.facebook.com/twaidc/
經濟部,標準檢驗局 ,YouTube,標準檢驗局,https://www.youtube.com/user/dronekimo1/
經濟部,標準檢驗局 ,Facebook,小安心,https://www.facebook.com/bsmi.tainan/
經濟部,標準檢驗局 ,YouTube, 經濟部標準檢驗局臺南分局,https://www.youtube.com/channel/UCSVhkkA5xosPtbyd7qUKO-Q/
經濟部,礦務局 ,YouTube,經濟部礦務局,https://www.youtube.com/user/BOMminesweb/
經濟部,礦務局 ,Facebook,經濟部礦務局,https://www.facebook.com/bomminesweb/
衛生福利部 ,中央健康保險署 ,YouTube, 衛生福利部中央健康保險署 NHIA,https://www.youtube.com/user/myegovnhi/
衛生福利部 ,中央健康保險署 ,Facebook,健保署,https://www.facebook.com/nhi.gov.tw/
衛生福利部 ,中央健康保險署 ,其他,健保署,https://line.me/R/ti/p/%40dyk0948w
衛生福利部 ,食品藥物管理署 ,YouTube,食品藥物管理署,https://www.youtube.com/channel/UCReui6KGZZZQC0ihf8a4FUA/
衛生福利部 ,食品藥物管理署 ,Facebook,睡睡平安,https://www.facebook.com/sleepverywell/
衛生福利部 ,食品藥物管理署 ,Facebook,TFDA 化品安全使用,https://www.facebook.com/tfdacos/
衛生福利部 ,食品藥物管理署 ,Facebook,食用玩家,https://www.facebook.com/tfda2014.tw/
衛生福利部 ,疾病管制署 ,YouTube,衛生福利部疾病管制署,https://www.youtube.com/user/taiwancdc/
衛生福利部 ,疾病管制署 ,Facebook,1922防疫達人,https://www.facebook.com/TWCDC/
衛生福利部 ,疾病管制署 ,其他,l疾病管制署 Taiwan CDC,https://page.line.me/taiwancdc
衛生福利部 ,疾病管制署 ,其他,taiwancdc,https://www.instagram.com/taiwancdc/
衛生福利部 ,疾病管制署 ,其他,衛生福利部疾病管制署,https://www.slideshare.net/TAIWANCDC
衛生福利部 ,疾病管制署 ,其他,Taiwan CDC,https://taiwancdc.tumblr.com/
衛生福利部 ,國民健康署 ,YouTube,國民健康署 ,https://www.youtube.com/user/hpagov/
衛生福利部 ,國民健康署 ,Facebook,國民健康署,https://www.facebook.com/hpagov/
衛生福利部 ,國民健康署 ,Twitter,衛生福利部國民健康署,https://twitter.com/hpa_gov_tw/
衛生福利部 ,國民健康署 ,Plurk,國民健康署,http://www.plurk.com/hpagov/
衛生福利部 ,國民健康署 ,YouTube,健康九九,https://www.youtube.com/user/TheHealth99/
衛生福利部 ,國民健康署 ,YouTube,戒菸專線服務中心,https://www.youtube.com/user/TWSmokersHelpline/
衛生福利部 ,國民健康署 ,YouTube,肥胖防治網,https://www.youtube.com/channel/UC-bGvkTNL2_zU0ECjTmwdvg/
衛生福利部 ,國民健康署 ,YouTube,國民健康署高齡友善城市,https://www.youtube.com/channel/UCDi2iygV2Uz4Rrn7Hjsw_Lg/
衛生福利部 ,國民健康署 ,Facebook,健康九九網站,https://www.facebook.com/health99.tw/
衛生福利部 ,國民健康署 ,Facebook,孕產婦關懷粉絲團,https://www.facebook.com/pages/孕產婦關懷粉絲團/1450516745205390/
衛生福利部 ,國民健康署 ,Facebook,63抱抱,https://www.facebook.com/63bobo
衛生福利部 ,衛生福利部花蓮醫院 ,YouTube,衛生褔利部花蓮醫院,https://www.youtube.com/channel/UCJQ3fyUds5qdATMlWTA0ixg/
衛生福利部 ,衛生福利部花蓮醫院 ,Facebook,衛生褔利部花蓮醫院,https://www.facebook.com/hwln.hospital/
衛生福利部 ,衛生福利部桃園醫院 ,Facebook,衛生福利部桃園醫院,https://www.facebook.com/mohw.tygh/
衛生福利部 ,衛生福利部旗山醫院 ,Facebook,衛生福利部旗山醫院,https://www.facebook.com/pages/衛生福利部旗山醫院/156923554394399/
衛生福利部 ,衛生福利部臺中醫院 ,Facebook,衛生福利部臺中醫院,https://www.facebook.com/pages/衛生福利部臺中醫院/154891318024468/
衛生福利部 ,衛生福利部臺北醫院 ,Facebook,衛生福利部臺北醫院,https://www.facebook.com/tph.mohw/
衛生福利部 ,衛生福利部澎湖醫院 ,YouTube,澎湖醫院,https://www.youtube.com/channel/UClw9uPjDuXQ_zARjIT6QvUA/
衛生福利部 ,衛生福利部澎湖醫院 ,Facebook,澎湖醫院,https://www.facebook.com/penghuhospital/
,中央銀行 ,YouTube,中央銀行(TheCBCTube),https://www.youtube.com/user/TheCBCTube/
,中央銀行 ,Flickr,中央銀行,https://www.flickr.com/photos/cbcbank/
,中央選舉委員會,YouTube,中央選舉委員會,https://www.youtube.com/user/cec288/
,內政部,Flickr,內政部,https://www.flickr.com/photos/wwwmoigovtw/
,內政部,YouTube,內政部發言人室,https://www.youtube.com/user/wwwmoigovtw/
,內政部,Facebook,內政大小事,https://www.facebook.com/內政大小事-457582697603472/
,公平交易委員會 ,YouTube,公平交易委員會影音頻道,https://www.youtube.com/channel/UC1MU5_gzX9bWoE-Yhlm-HeQ/
,公平交易委員會 ,Flickr,公平交易委員會 活動照片集錦,https://www.flickr.com/photos/ftctaiwan/
,文化部 ,YouTube,文化部,https://www.youtube.com/user/mocnews0520/
,文化部 ,Facebook,文化部,https://www.facebook.com/WenHuaBu/
,外交部,YouTube, 中華民國外交部,https://www.youtube.com/user/taiwan2theworld/
,外交部,Flickr,"中華民國外交部 MOFA, R.O.C. (Taiwan)",https://www.flickr.com/photos/rocmofa/
,交通部,Facebook,美好生活的連結者,https://www.facebook.com/motcfilms/
,交通部,YouTube,美好生活的連結者,https://www.youtube.com/user/motcfilms/
,行政院人事行政總處 ,Facebook,行政院人事行政總處,https://www.facebook.com/dgpaEY/
,行政院人事行政總處 ,YouTube,行政院人事行政總處,https://www.youtube.com/channel/UCe_Wd2EThMddHQXqyZdxrjQ/
,行政院大陸委員會 ,YouTube,行政院大陸委員會,https://www.youtube.com/user/iMac2tw/
,行政院大陸委員會 ,Facebook,陸委會-門打開，阮顧厝,https://www.facebook.com/macgov/
,行政院大陸委員會 ,其他,行政院大陸委員會Google+,https://plus.google.com/107440187839014613503/posts
,行政院公共工程委員會 ,YouTube,工程會Youtube,https://www.youtube.com/user/ThePccweb/
,行政院公共工程委員會 ,Facebook,行政院公共工程委員會,https://www.facebook.com/pages/行政院公共工程委員會/252458731548388/
,行政院主計總處 ,YouTube,行政院主計總處 DGBAS,https://www.youtube.com/user/dgbaswebvideo/
,行政院主計總處 ,Flickr,行政院主計總處 DGBAS,https://www.flickr.com/photos/130576302@N08/
,行政院原子能委員會 ,YouTube,行政院原子能委員會,https://www.youtube.com/user/AECROC/
,行政院原子能委員會 ,Flickr,行政院原子能委員會,https://www.flickr.com/photos/130385650@N06/
,行政院原子能委員會 ,Facebook,輻務小站,https://www.facebook.com/radiationsafety
,行政院海岸巡防署 ,YouTube,海巡署北部地區巡防局,https://www.youtube.com/channel/UCE1_LT8PexM9qNtEMp7Uplg/
,行政院海岸巡防署 ,Facebook,海巡署東部地區巡防局,https://www.facebook.com/CGA.east/
,行政院海岸巡防署 ,Facebook,雲林海巡服務區,https://www.facebook.com/yun.lin.coast.guard/
,行政院海岸巡防署 ,Facebook,金門海巡服務區,https://www.facebook.com/kinmen.cga/
,行政院海岸巡防署 ,Facebook,苗栗海巡服務區,https://www.facebook.com/MiaoLiCGA/
,行政院海岸巡防署 ,Facebook,彰化海巡服務區 顧海ㄟ好厝邊,https://www.facebook.com/ChanghuaCGA/
,行政院海岸巡防署 ,Facebook,嘉義海巡服務區,https://www.facebook.com/chiayi.coast.guard/
,行政院海岸巡防署 ,Facebook,台中海巡服務區,https://www.facebook.com/taichungcga/
,行政院海岸巡防署 ,Facebook,讓大海巡找你的夢想~~中部海海人生招募小棧,https://www.facebook.com/pages/讓大海巡找你的夢想中部海海人生招募小棧/424574087601522/
,行政院海岸巡防署 ,Facebook,中部地區海巡服務區,https://www.facebook.com/centralcoastguard/
,行政院海岸巡防署 ,YouTube,行政院海岸巡防署影音頻道,https://www.youtube.com/channel/UC45S_7Ih804GlASzroJlJAA/
,行政院海岸巡防署 ,Facebook,巡找北海英雄 I Need You,https://www.facebook.com/pages/巡找北海英雄-I-Need-You/157399854431828/
,行政院海岸巡防署 ,Facebook,海洋驛站 海洋驛站,https://www.facebook.com/CGAservicestation/
,行政院農業委員會 ,YouTube,農業委員會行政院,https://www.youtube.com/user/coavideo
,行政院農業委員會 ,Facebook,37特蒐隊,https://www.facebook.com/coamita
,行政院農業委員會 ,Facebook,農人新樂園,https://www.facebook.com/farmers.paradise
,行政院農業委員會 ,Facebook,農是為著恁,https://www.facebook.com/AgriBiz.tw
,行政院農業委員會 ,Facebook,FunClub聚樂部,https://www.facebook.com/EzgoFunClub
,行政院農業委員會 ,Facebook,產銷履歷,https://www.facebook.com/taptaiwan
,行政院農業委員會 ,Facebook,行政院農業委員會,https://www.facebook.com/coataiwan/
,行政院農業委員會 ,Flickr,37特蒐隊 Flickr,https://www.flickr.com/photos/flickercoa/
,行政院農業委員會 ,Facebook,農田水利 Follow me,https://www.facebook.com/doiefollowme/
,行政院環境保護署 ,YouTube,行政院環保署,https://www.youtube.com/user/TaiwanEpa/
,行政院環境保護署 ,Facebook,土淨水清系列活動,https://www.facebook.com/sgwepa/
,行政院環境保護署 ,Flickr,行政院環境保護署,https://www.flickr.com/photos/taiwanepa/
,行政院環境保護署 ,Blog,樂活永續好抹奇,http://taiwanepa.blogspot.tw/
,法務部,YouTube,中華民國法務部,https://www.youtube.com/user/wwwmoj/
,金融監督管理委員會 ,YouTube,金管會,https://www.youtube.com/channel/UCL39yxKnDTvz97uvs4hiYRQ/
,金融監督管理委員會 ,Facebook,金管會,https://www.facebook.com/fsc.gov.tw/
,客家委員會 ,YouTube,客家委員會HakkaBroadcasting,https://www.youtube.com/user/HakkaBroadcasting/
,客家委員會 ,Facebook,好客之家~i-Hakka!~客委會粉絲專頁,https://www.facebook.com/pages/好客之家i-Hakka客委會粉絲專頁/182051388480660/
,客家委員會 ,Facebook,客庄數位典藏,https://www.facebook.com/archives.hakka/
,客家委員會 ,Facebook,台灣客家等路大街,https://www.facebook.com/hakkamall/
,客家委員會 ,Facebook,客家桐花祭,https://www.facebook.com/tung.hakka/
,客家委員會 ,Facebook,台三線浪漫大道,https://www.facebook.com/HakkaRomanticAvenue/
,客家委員會 ,Facebook,好客ING,https://www.facebook.com/broadcasting.hakka/
,客家委員會 ,Facebook,海外客家網,https://www.facebook.com/globalihakka/
,客家委員會 ,Facebook,苗栗客家文化園區,https://www.facebook.com/hakkapark/
,客家委員會 ,Facebook,六堆客家文化園區,https://www.facebook.com/liuduihakka
,科技部 ,YouTube,科技大觀園scicircus,https://www.youtube.com/user/scicircus/
,科技部 ,Facebook,科技大觀園,https://www.facebook.com/scitechvista/
,科技部 ,Facebook,科技部,https://www.facebook.com/www.most.gov.tw/
,原住民族委員會 ,YouTube,原住民族委員會,https://www.youtube.com/channel/UCZxNhNpod0_Nf9L490dPb-g/
,原住民族委員會 ,Facebook,原住民族委員會,https://www.facebook.com/pages/原住民族委員會/754582384589549/
,財政部,Blog,財政部,http://ecolife.epa.gov.tw/blog/307000000d
,財政部,YouTube,財政部 MOF,http://www.youtube.com/user/mofweb/
,國立故宮博物院 ,YouTube,NPM 國立故宮博物院,https://www.youtube.com/user/NPMmedia/
,國立故宮博物院 ,Facebook,國立故宮博物院 National Palace Museum,https://www.facebook.com/npmgov/
,國立故宮博物院 ,Facebook,國立故宮博物院南部院區 Southern Branch of National Palace Mus,https://www.facebook.com/npmsouth
,國防部,YouTube,TheROCMND,https://www.youtube.com/user/TheROCMND/
,國防部,Facebook,國防部發言人,https://www.facebook.com/MilitarySpokesman/
,國軍退除役官兵輔導委員會 ,Facebook,國軍退除役官兵輔導委員會Facebook粉絲頁,https://www.facebook.com/vacweb1/
,國軍退除役官兵輔導委員會 ,YouTube,國軍退除役官兵輔導委員會Youtube影音頻道,https://www.youtube.com/channel/UCEe6n961KF7NFkQkl9E7Sig/
,國軍退除役官兵輔導委員會 ,Flickr,國軍退除役官兵輔導委員會Flickr相簿,https://www.flickr.com/photos/130046541@N06/
,國家通訊傳播委員會 ,YouTube, NCC 通傳會,https://www.youtube.com/channel/UCG8PKx2f2xISMz7INKePJUw/
,國家通訊傳播委員會 ,Facebook,國家通訊傳播委員會,https://www.facebook.com/ncc.gov.tw/
,國家通訊傳播委員會 ,Flickr,國家通訊傳播委員會,https://www.flickr.com/photos/138777882@N06/
,國家發展委員會 ,YouTube,eGov福爾摩沙影城,https://www.youtube.com/user/myegov/
,國家發展委員會 ,YouTube,國家發展委員會,https://www.youtube.com/user/ROCNDC/
,國家發展委員會 ,Facebook,我的貼身e管家,https://www.facebook.com/ehousekeeper/
,國家發展委員會 ,Facebook,國發會,https://www.facebook.com/ndc.gov.tw/
,教育部,YouTube,教育部YouTube影音頻道,https://www.youtube.com/user/moeccrd//
,教育部,Flickr,教育部Flickr相簿,https://www.flickr.com/photos/107094917@N06/
,教育部,Facebook,教育部電子報臉書粉絲頁,https://www.facebook.com/pages/教育部電子報/405240086317285/
,教育部,Facebook,教育e論壇,https://www.facebook.com/forum.edu.tw/
,勞動部 ,YouTube,勞動部,https://www.youtube.com/user/mcla7939/
,勞動部 ,Flickr,勞動部,https://www.flickr.com/photos/68622110@N02/
,勞動部 ,Facebook,勞動部,https://www.facebook.com/mol.labor
,勞動部 ,其他,勞動部@LINE,http://line.me/ti/p/%40yry4105u
,經濟部,YouTube,經濟部 Youtube,https://www.youtube.com/user/isnisttyu/
,經濟部,Facebook,經濟部 Facebook,https://www.facebook.com/moea.gov.tw/
,經濟部,Blog,台灣總有創意樂活新經濟,http://newone1.pixnet.net/blog/
,經濟部,其他,經濟部Line,http://line.me/ti/p/%40xat.0000194116.m7f
,僑務委員會 ,YouTube,宏觀網路電視,https://www.youtube.com/user/taiwanmactv/
,僑務委員會 ,Facebook,全球華文網,https://www.facebook.com/huayuworld/
,僑務委員會 ,Facebook,僑務委員會 OCAC,https://www.facebook.com/iocac/
,蒙藏委員會,Facebook,蒙藏文化中心(Mongolian and Tibetan Cultural Center),https://www.facebook.com/MTCenter/
,蒙藏委員會,YouTube,蒙藏委員會 Youtube,https://www.youtube.com/user/twmtac/
,蒙藏委員會,其他,蒙藏委員會Google+,https://plus.google.com/+蒙藏委員會/posts/
,衛生福利部 ,Facebook,衛生福利部,https://www.facebook.com/mohw.gov.tw/
,衛生福利部 ,Blog,衛生福利部【長照專區】,https://www.youtube.com/channel/UCaHvaC68xsKWT2itI-0utJw/
,衛生福利部 ,YouTube,中華民國衛生福利部,https://www.youtube.com/channel/UCC5aKtv0v6xADPc0UYn5jHA/videos
,衛生福利部 ,YouTube,衛生福利部【長照專區】,https://www.youtube.com/channel/UCaHvaC68xsKWT2itI-0utJw
